{"stats":{"minecraft:picked_up":{"minecraft:crafting_table":6,"minecraft:iron_chestplate":1,"minecraft:coarse_dirt":1,"minecraft:feather":2,"minecraft:chicken":1,"minecraft:andesite":2,"minecraft:salmon":7,"minecraft:smoker":4,"minecraft:oak_log":22,"minecraft:shield":2,"minecraft:dirt":22,"minecraft:white_banner":1,"minecraft:bone":2,"minecraft:kelp":59,"minecraft:spruce_planks":100,"minecraft:iron_ingot":2,"minecraft:stone_pickaxe":2,"minecraft:iron_ore":38,"minecraft:rose_bush":2,"minecraft:poppy":1,"minecraft:sugar_cane":40,"minecraft:chest":2,"minecraft:oak_planks":60,"minecraft:iron_boots":1,"minecraft:furnace":3,"minecraft:stick":7,"minecraft:sweet_berries":20,"minecraft:torch":3,"minecraft:porkchop":3,"minecraft:dried_kelp":171,"minecraft:diorite":8,"minecraft:spruce_log":11,"minecraft:carrot":4,"minecraft:stone_sword":1,"minecraft:rotten_flesh":3,"minecraft:stone_axe":1,"minecraft:granite":4,"minecraft:gold_ingot":1,"minecraft:oak_sapling":2,"minecraft:cod":1,"minecraft:coal":98,"minecraft:cobblestone":277},"minecraft:dropped":{"minecraft:stone_axe":1,"minecraft:crafting_table":1,"minecraft:cooked_porkchop":1,"minecraft:smoker":2,"minecraft:granite":2,"minecraft:carrot":1,"minecraft:diorite":3,"minecraft:torch":20,"minecraft:iron_chestplate":1,"minecraft:iron_ore":4,"minecraft:stone_pickaxe":2,"minecraft:bone":1},"minecraft:crafted":{"minecraft:oak_planks":52,"minecraft:cooked_porkchop":3,"minecraft:crafting_table":1,"minecraft:dried_kelp":56,"minecraft:wooden_pickaxe":1,"minecraft:iron_helmet":1,"minecraft:iron_sword":1,"minecraft:furnace":1,"minecraft:cooked_salmon":5,"minecraft:stone_axe":2,"minecraft:air":0,"minecraft:iron_boots":1,"minecraft:iron_chestplate":2,"minecraft:charcoal":9,"minecraft:shield":1,"minecraft:stick":36,"minecraft:iron_ingot":39,"minecraft:iron_pickaxe":1,"minecraft:stone_pickaxe":4,"minecraft:wooden_axe":1,"minecraft:iron_leggings":1,"minecraft:torch":68},"minecraft:used":{"minecraft:stone_pickaxe":315,"minecraft:dried_kelp":49,"minecraft:chest":2,"minecraft:wooden_pickaxe":19,"minecraft:cooked_salmon":4,"minecraft:torch":22,"minecraft:dirt":13,"minecraft:crafting_table":5,"minecraft:wooden_axe":2,"minecraft:iron_pickaxe":51,"minecraft:stone_axe":40,"minecraft:cobblestone":53,"minecraft:sweet_berries":10,"minecraft:furnace":4,"minecraft:cooked_porkchop":1},"minecraft:killed":{"minecraft:pig":2,"minecraft:salmon":7,"minecraft:cod":1,"minecraft:skeleton":2,"minecraft:pillager":2,"minecraft:zombie":1,"minecraft:drowned":1},"minecraft:mined":{"minecraft:podzol":2,"minecraft:kelp_plant":6,"minecraft:crafting_table":4,"minecraft:granite":2,"minecraft:grass_block":4,"minecraft:poppy":1,"minecraft:cobblestone":28,"minecraft:spruce_leaves":3,"minecraft:oak_planks":2,"minecraft:sugar_cane":1,"minecraft:diorite":5,"minecraft:seagrass":2,"minecraft:furnace":3,"minecraft:iron_ore":38,"minecraft:andesite":2,"minecraft:grass":1,"minecraft:oak_log":23,"minecraft:coal_ore":98,"minecraft:dirt":16,"minecraft:stone":209,"minecraft:oak_leaves":13},"minecraft:custom":{"minecraft:interact_with_furnace":35,"minecraft:mob_kills":16,"minecraft:interact_with_crafting_table":23,"minecraft:play_one_minute":103930,"minecraft:leave_game":7,"minecraft:time_since_death":103930,"minecraft:time_since_rest":103930,"minecraft:sprint_one_cm":66822,"minecraft:damage_taken":661,"minecraft:walk_one_cm":184786,"minecraft:damage_blocked_by_shield":120,"minecraft:drop":17,"minecraft:damage_dealt":1635,"minecraft:swim_one_cm":123341,"minecraft:fly_one_cm":121220,"minecraft:open_chest":16,"minecraft:crouch_one_cm":21045,"minecraft:sneak_time":9057,"minecraft:walk_under_water_one_cm":25639,"minecraft:jump":1336,"minecraft:walk_on_water_one_cm":18899,"minecraft:interact_with_smoker":13,"minecraft:fall_one_cm":35912},"minecraft:broken":{"minecraft:stone_pickaxe":1}},"DataVersion":1976}