{"stats":{"minecraft:killed":{"minecraft:pig":2,"minecraft:salmon":7,"minecraft:cod":1,"minecraft:skeleton":1,"minecraft:pillager":2,"minecraft:zombie":1,"minecraft:drowned":1},"minecraft:custom":{"minecraft:interact_with_furnace":26,"minecraft:mob_kills":15,"minecraft:interact_with_crafting_table":22,"minecraft:play_one_minute":87245,"minecraft:leave_game":1,"minecraft:time_since_death":87245,"minecraft:time_since_rest":87245,"minecraft:sprint_one_cm":57572,"minecraft:damage_taken":546,"minecraft:walk_one_cm":142273,"minecraft:damage_blocked_by_shield":120,"minecraft:drop":11,"minecraft:damage_dealt":1435,"minecraft:swim_one_cm":123341,"minecraft:fly_one_cm":100620,"minecraft:open_chest":3,"minecraft:crouch_one_cm":14325,"minecraft:sneak_time":6886,"minecraft:walk_under_water_one_cm":25639,"minecraft:jump":1026,"minecraft:walk_on_water_one_cm":18899,"minecraft:interact_with_smoker":13,"minecraft:fall_one_cm":27546},"minecraft:picked_up":{"minecraft:crafting_table":4,"minecraft:andesite":2,"minecraft:salmon":7,"minecraft:oak_log":22,"minecraft:shield":1,"minecraft:dirt":22,"minecraft:white_banner":1,"minecraft:kelp":35,"minecraft:iron_ingot":2,"minecraft:stone_pickaxe":1,"minecraft:iron_ore":29,"minecraft:rose_bush":1,"minecraft:poppy":1,"minecraft:sugar_cane":20,"minecraft:oak_planks":60,"minecraft:furnace":3,"minecraft:sweet_berries":12,"minecraft:torch":1,"minecraft:porkchop":3,"minecraft:dried_kelp":62,"minecraft:diorite":3,"minecraft:carrot":1,"minecraft:rotten_flesh":3,"minecraft:gold_ingot":1,"minecraft:oak_sapling":1,"minecraft:cod":1,"minecraft:coal":49,"minecraft:cobblestone":174},"minecraft:mined":{"minecraft:podzol":2,"minecraft:kelp_plant":6,"minecraft:crafting_table":4,"minecraft:grass_block":4,"minecraft:poppy":1,"minecraft:cobblestone":28,"minecraft:spruce_leaves":3,"minecraft:sugar_cane":1,"minecraft:oak_planks":2,"minecraft:diorite":3,"minecraft:seagrass":2,"minecraft:furnace":3,"minecraft:iron_ore":29,"minecraft:andesite":2,"minecraft:grass":1,"minecraft:oak_log":23,"minecraft:coal_ore":49,"minecraft:dirt":16,"minecraft:stone":171,"minecraft:oak_leaves":13},"minecraft:broken":{"minecraft:stone_pickaxe":1},"minecraft:dropped":{"minecraft:stone_axe":1,"minecraft:cooked_porkchop":1,"minecraft:carrot":1,"minecraft:torch":20,"minecraft:iron_chestplate":1,"minecraft:stone_pickaxe":2},"minecraft:used":{"minecraft:stone_pickaxe":251,"minecraft:dried_kelp":34,"minecraft:wooden_pickaxe":19,"minecraft:cooked_salmon":4,"minecraft:torch":13,"minecraft:dirt":13,"minecraft:crafting_table":5,"minecraft:wooden_axe":2,"minecraft:iron_pickaxe":15,"minecraft:stone_axe":38,"minecraft:cobblestone":43,"minecraft:sweet_berries":10,"minecraft:furnace":4,"minecraft:cooked_porkchop":1},"minecraft:crafted":{"minecraft:oak_planks":52,"minecraft:cooked_porkchop":3,"minecraft:crafting_table":1,"minecraft:dried_kelp":56,"minecraft:wooden_pickaxe":1,"minecraft:iron_sword":1,"minecraft:furnace":1,"minecraft:cooked_salmon":5,"minecraft:stone_axe":2,"minecraft:air":0,"minecraft:iron_chestplate":2,"minecraft:charcoal":9,"minecraft:shield":1,"minecraft:stick":36,"minecraft:iron_ingot":30,"minecraft:iron_pickaxe":1,"minecraft:stone_pickaxe":4,"minecraft:wooden_axe":1,"minecraft:iron_leggings":1,"minecraft:torch":68}},"DataVersion":1976}