{"stats":{"minecraft:mined":{"minecraft:podzol":1,"minecraft:seagrass":1,"minecraft:coarse_dirt":1,"minecraft:carrots":3,"minecraft:kelp_plant":42,"minecraft:iron_ore":6,"minecraft:smoker":2,"minecraft:spruce_log":44,"minecraft:crafting_table":1,"minecraft:grass_block":6,"minecraft:coal_ore":3,"minecraft:chest":2,"minecraft:dirt":7,"minecraft:stone":101,"minecraft:kelp":122},"minecraft:used":{"minecraft:stone_sword":4,"minecraft:stone_pickaxe":112,"minecraft:dried_kelp":44,"minecraft:stone_axe":41,"minecraft:dirt":13,"minecraft:cobblestone":24},"minecraft:custom":{"minecraft:time_since_rest":1240,"minecraft:damage_taken":529,"minecraft:interact_with_furnace":7,"minecraft:sprint_one_cm":41999,"minecraft:walk_one_cm":70099,"minecraft:mob_kills":2,"minecraft:drop":2,"minecraft:damage_dealt":229,"minecraft:swim_one_cm":46697,"minecraft:interact_with_crafting_table":26,"minecraft:fly_one_cm":46941,"minecraft:open_chest":19,"minecraft:play_one_minute":59045,"minecraft:crouch_one_cm":1765,"minecraft:deaths":1,"minecraft:sneak_time":1502,"minecraft:walk_under_water_one_cm":41416,"minecraft:jump":492,"minecraft:leave_game":5,"minecraft:time_since_death":267,"minecraft:walk_on_water_one_cm":24658,"minecraft:interact_with_smoker":148,"minecraft:fall_one_cm":12659},"minecraft:picked_up":{"minecraft:coarse_dirt":1,"minecraft:crafting_table":1,"minecraft:iron_chestplate":1,"minecraft:feather":2,"minecraft:chicken":1,"minecraft:sweet_berries":8,"minecraft:smoker":2,"minecraft:dried_kelp":14,"minecraft:spruce_log":44,"minecraft:carrot":3,"minecraft:dirt":13,"minecraft:bone":1,"minecraft:dried_kelp_block":1,"minecraft:kelp":372,"minecraft:iron_ore":10,"minecraft:rose_bush":1,"minecraft:oak_sapling":1,"minecraft:sugar_cane":20,"minecraft:chest":2,"minecraft:coal":3,"minecraft:cobblestone":140},"minecraft:dropped":{"minecraft:dried_kelp":75},"minecraft:killed":{"minecraft:chicken":1},"minecraft:crafted":{"minecraft:iron_boots":1,"minecraft:shield":1,"minecraft:spruce_planks":132,"minecraft:stick":12,"minecraft:dried_kelp":341,"minecraft:iron_ingot":5,"minecraft:stone_pickaxe":1,"minecraft:stone_sword":1,"minecraft:dried_kelp_block":15,"minecraft:stone_axe":1,"minecraft:air":0}},"DataVersion":1976}