{"stats":{"minecraft:dropped":{"minecraft:dried_kelp":75},"minecraft:custom":{"minecraft:time_since_rest":51935,"minecraft:interact_with_furnace":3,"minecraft:sprint_one_cm":32072,"minecraft:damage_taken":200,"minecraft:walk_one_cm":58763,"minecraft:mob_kills":1,"minecraft:drop":2,"minecraft:damage_dealt":205,"minecraft:swim_one_cm":46697,"minecraft:interact_with_crafting_table":23,"minecraft:fly_one_cm":37779,"minecraft:open_chest":19,"minecraft:play_one_minute":51935,"minecraft:crouch_one_cm":1765,"minecraft:sneak_time":1502,"minecraft:walk_under_water_one_cm":41416,"minecraft:jump":399,"minecraft:leave_game":4,"minecraft:walk_on_water_one_cm":24658,"minecraft:time_since_death":51935,"minecraft:interact_with_smoker":148,"minecraft:fall_one_cm":9296},"minecraft:crafted":{"minecraft:shield":1,"minecraft:spruce_planks":132,"minecraft:stick":12,"minecraft:iron_ingot":1,"minecraft:dried_kelp":341,"minecraft:stone_pickaxe":1,"minecraft:stone_sword":1,"minecraft:dried_kelp_block":15,"minecraft:stone_axe":1,"minecraft:air":0},"minecraft:picked_up":{"minecraft:iron_chestplate":1,"minecraft:coarse_dirt":1,"minecraft:crafting_table":1,"minecraft:feather":2,"minecraft:chicken":1,"minecraft:sweet_berries":8,"minecraft:smoker":2,"minecraft:dried_kelp":14,"minecraft:carrot":3,"minecraft:spruce_log":44,"minecraft:dirt":13,"minecraft:dried_kelp_block":1,"minecraft:kelp":372,"minecraft:iron_ore":6,"minecraft:rose_bush":1,"minecraft:oak_sapling":1,"minecraft:sugar_cane":20,"minecraft:chest":2,"minecraft:coal":3,"minecraft:cobblestone":139},"minecraft:killed":{"minecraft:chicken":1},"minecraft:mined":{"minecraft:podzol":1,"minecraft:seagrass":1,"minecraft:coarse_dirt":1,"minecraft:carrots":3,"minecraft:kelp_plant":42,"minecraft:iron_ore":6,"minecraft:smoker":2,"minecraft:spruce_log":44,"minecraft:crafting_table":1,"minecraft:grass_block":6,"minecraft:coal_ore":3,"minecraft:chest":2,"minecraft:dirt":7,"minecraft:stone":101,"minecraft:kelp":122},"minecraft:used":{"minecraft:stone_sword":3,"minecraft:stone_pickaxe":112,"minecraft:dried_kelp":30,"minecraft:stone_axe":41,"minecraft:dirt":13,"minecraft:cobblestone":15}},"DataVersion":1976}