{"stats":{"minecraft:killed_by":{"minecraft:pillager":1},"minecraft:dropped":{"minecraft:spruce_planks":4,"minecraft:diamond_leggings":2,"minecraft:diamond_helmet":2,"minecraft:spruce_log":6,"minecraft:diamond_boots":2,"minecraft:totem_of_undying":2},"minecraft:custom":{"minecraft:time_since_rest":15022,"minecraft:sprint_one_cm":34438,"minecraft:damage_taken":800,"minecraft:walk_one_cm":18078,"minecraft:drop":10,"minecraft:damage_dealt":197,"minecraft:swim_one_cm":1420,"minecraft:fly_one_cm":260523,"minecraft:open_chest":1,"minecraft:crouch_one_cm":2591,"minecraft:play_one_minute":34688,"minecraft:deaths":3,"minecraft:sneak_time":2804,"minecraft:walk_under_water_one_cm":17946,"minecraft:jump":341,"minecraft:leave_game":13,"minecraft:walk_on_water_one_cm":5475,"minecraft:time_since_death":14961,"minecraft:fall_one_cm":11072},"minecraft:crafted":{"minecraft:oak_planks":20,"minecraft:crafting_table":1,"minecraft:spruce_planks":12},"minecraft:picked_up":{"minecraft:oak_log":5,"minecraft:spruce_log":11,"minecraft:wheat_seeds":1,"minecraft:diamond_leggings":2,"minecraft:diamond_boots":2,"minecraft:totem_of_undying":2,"minecraft:diamond_helmet":2,"minecraft:chest":2},"minecraft:mined":{"minecraft:spruce_log":12,"minecraft:birch_leaves":2,"minecraft:grass":8,"minecraft:oak_log":5,"minecraft:spruce_leaves":1,"minecraft:oak_leaves":1,"minecraft:fern":3},"minecraft:used":{"minecraft:stone_sword":2,"minecraft:spruce_planks":8,"minecraft:chest":7,"minecraft:cobblestone":19,"minecraft:spruce_log":1}},"DataVersion":1976}