{"stats":{"minecraft:mined":{"minecraft:kelp_plant":9,"minecraft:crafting_table":3,"minecraft:torch":2,"minecraft:grass_block":2,"minecraft:chest":2,"minecraft:cobblestone":10,"minecraft:spruce_leaves":5,"minecraft:kelp":12,"minecraft:oak_planks":6,"minecraft:sugar_cane":9,"minecraft:sandstone":2,"minecraft:diorite":8,"minecraft:wall_torch":1,"minecraft:seagrass":2,"minecraft:birch_log":19,"minecraft:iron_ore":64,"minecraft:sweet_berry_bush":3,"minecraft:spruce_log":85,"minecraft:birch_leaves":4,"minecraft:andesite":5,"minecraft:grass":1,"minecraft:coal_ore":54,"minecraft:sand":35,"minecraft:gravel":29,"minecraft:dirt":2,"minecraft:stone":181,"minecraft:oak_leaves":1,"minecraft:fern":1},"minecraft:broken":{"minecraft:stone_pickaxe":2},"minecraft:used":{"minecraft:water_bucket":3,"minecraft:stone_sword":21,"minecraft:rose_bush":1,"minecraft:dried_kelp":27,"minecraft:stone_pickaxe":324,"minecraft:polished_andesite":4,"minecraft:stone_shovel":63,"minecraft:oak_planks":8,"minecraft:chest":2,"minecraft:stone_hoe":3,"minecraft:torch":38,"minecraft:dirt":2,"minecraft:sand":22,"minecraft:crafting_table":5,"minecraft:carrot":3,"minecraft:crossbow":1,"minecraft:smoker":2,"minecraft:dark_oak_planks":16,"minecraft:dark_oak_log":2,"minecraft:bread":1,"minecraft:stone_axe":108,"minecraft:cobblestone":74,"minecraft:sweet_berries":12,"minecraft:furnace":3,"minecraft:cooked_porkchop":3,"minecraft:bucket":4,"minecraft:kelp":1,"minecraft:experience_bottle":1},"minecraft:custom":{"minecraft:interact_with_furnace":47,"minecraft:mob_kills":12,"minecraft:interact_with_crafting_table":23,"minecraft:play_one_minute":86436,"minecraft:leave_game":16,"minecraft:time_since_death":86436,"minecraft:time_since_rest":86436,"minecraft:sprint_one_cm":136749,"minecraft:damage_taken":392,"minecraft:walk_one_cm":108852,"minecraft:damage_blocked_by_shield":430,"minecraft:drop":20,"minecraft:damage_dealt":1508,"minecraft:swim_one_cm":41073,"minecraft:fly_one_cm":75332,"minecraft:open_chest":2,"minecraft:crouch_one_cm":4779,"minecraft:sneak_time":1149,"minecraft:walk_under_water_one_cm":10924,"minecraft:jump":782,"minecraft:walk_on_water_one_cm":13038,"minecraft:interact_with_smoker":18,"minecraft:fall_one_cm":10499},"minecraft:picked_up":{"minecraft:birch_log":19,"minecraft:crafting_table":4,"minecraft:wheat":5,"minecraft:feather":6,"minecraft:chicken":3,"minecraft:tripwire_hook":2,"minecraft:andesite":5,"minecraft:wooden_pickaxe":1,"minecraft:flint":2,"minecraft:oak_log":1,"minecraft:string":2,"minecraft:dirt":4,"minecraft:bone":3,"minecraft:experience_bottle":1,"minecraft:kelp":69,"minecraft:bow":1,"minecraft:diamond_leggings":1,"minecraft:stone_pickaxe":1,"minecraft:iron_ore":63,"minecraft:rose_bush":1,"minecraft:sugar_cane":18,"minecraft:chest":1,"minecraft:oak_planks":22,"minecraft:egg":1,"minecraft:stick":1,"minecraft:sandstone":2,"minecraft:cooked_porkchop":1,"minecraft:sweet_berries":14,"minecraft:torch":23,"minecraft:gravel":21,"minecraft:porkchop":20,"minecraft:sand":35,"minecraft:dried_kelp":13,"minecraft:spruce_sapling":2,"minecraft:diorite":8,"minecraft:spruce_log":85,"minecraft:carrot":5,"minecraft:dark_oak_log":6,"minecraft:arrow":2,"minecraft:stone_axe":1,"minecraft:crossbow":1,"minecraft:totem_of_undying":1,"minecraft:coal":53,"minecraft:cobblestone":207},"minecraft:killed":{"minecraft:pig":7,"minecraft:spider":1,"minecraft:skeleton":1,"minecraft:chicken":3},"minecraft:crafted":{"minecraft:oak_planks":4,"minecraft:stone_shovel":1,"minecraft:arrow":8,"minecraft:fishing_rod":1,"minecraft:cooked_porkchop":20,"minecraft:crafting_table":1,"minecraft:spruce_planks":44,"minecraft:dried_kelp":32,"minecraft:cooked_chicken":3,"minecraft:wooden_pickaxe":1,"minecraft:iron_helmet":1,"minecraft:iron_sword":1,"minecraft:furnace":5,"minecraft:stone":6,"minecraft:bucket":1,"minecraft:birch_planks":44,"minecraft:bread":1,"minecraft:air":0,"minecraft:iron_chestplate":1,"minecraft:iron_boots":1,"minecraft:shield":2,"minecraft:iron_axe":1,"minecraft:stick":28,"minecraft:iron_ingot":63,"minecraft:iron_pickaxe":1,"minecraft:stone_pickaxe":2,"minecraft:stone_sword":1,"minecraft:chest":2,"minecraft:iron_shovel":1,"minecraft:iron_leggings":1,"minecraft:dried_kelp_block":2,"minecraft:dark_oak_planks":16,"minecraft:torch":24,"minecraft:stone_hoe":1,"minecraft:polished_andesite":4,"minecraft:smoker":2},"minecraft:dropped":{"minecraft:gravel":21,"minecraft:iron_ingot":2,"minecraft:stone_axe":1,"minecraft:sugar_cane":18,"minecraft:stone_sword":1,"minecraft:diamond_leggings":1,"minecraft:stone_shovel":1,"minecraft:totem_of_undying":1,"minecraft:carrot":2,"minecraft:dirt":2,"minecraft:shield":1,"minecraft:diorite":8,"minecraft:andesite":1,"minecraft:chest":1,"minecraft:sandstone":2,"minecraft:sand":13,"minecraft:bow":1,"minecraft:wooden_pickaxe":1}},"DataVersion":1976}